Feature	exp_data	cb	rf	xgb	lgb	ann	average_ML	mean_error	mean_absolute_percentage_error[\%]
OCP [V]	-0.652124	-0.681824	-0.655524	-0.659524	-0.657724	-0.671824	-0.6630906666666666	-0.010966666666666569	1.6816842604576074
Tafel slope [V/dec]	-0.6445281731210147	-0.343580851217132	-0.46248053369084685	-0.4112572973629395	-0.5480529571182471	-1.248901820739214	-0.6098002722082324	0.03472790091278233	5.388112166551006
R value slope	-0.999098428972054	-0.9942717387362106	-0.9827736496707272	-0.9894071389830857	-0.9840911010453911	-0.7574240352295734	-0.9511776821061737	0.047920746865880326	4.796398980947725
Std. error slope	0.00038895327345317486	0.0005592224550938328	0.001243708868904016	0.0008700305697758044	0.0014211881488584545	0.015935972182301944	0.003403179249731204	0.0030142259762780295	774.958377266596
"E	extsubscript{corr} [V]"	-0.6521240000000001	-0.6818240000000002	-0.6555239999999998	-0.6595240174400563	-0.657724	-0.6718241352894259	-0.6630906921215803	-0.01096669212158019	1.6816881638431016
"i	extsubscript{corr} [$\mu$A cm$^{-2}$]"	0.7815261978509289	1.382935543839049	1.796365949658738	1.5720952072271348	1.969237172354755	232.2241760537379	39.95438935411142	39.17286315626049	5012.3544500465305
