Feature	exp_data	cb	rf	xgb	lgb	ann	average_ML	mean_error	mean_absolute_percentage_error[\%]
OCP [V]	-0.721524	-0.658024	-0.651524	-0.659424	-0.661124	-0.518224	-0.644974	0.07655	10.609487695488994
Tafel slope [V/dec]	-0.436289095166508	-0.5181651111512648	-0.5768248486230648	-0.787232222973857	-0.6110627453005341	-0.490685647764141	-0.5700432784965617	-0.13375418333005368	30.657237325403912
R value slope	-0.9992503212911257	-0.9762138389708868	-0.9977611475440763	-0.9496668862478043	-0.9875160168379763	-0.8952161300219462	-0.9676040568189693	0.03164626447215635	3.167000680196569
Std. error slope	0.00028666118506788784	0.0016702932941441233	0.0005536375174514658	0.003780190492273123	0.0014238768270649796	0.0028118596860803357	0.0017544198336803193	0.0014677586486124316	512.0186216577711
"E	extsubscript{corr} [V]"	-0.721524	-0.6580240000000002	-0.6515240000000002	-0.6594239860278934	-0.661124	-0.5182240069304043	-0.6449739988263831	0.07655000117361699	10.609487858147059
"i	extsubscript{corr} [$\mu$A cm$^{-2}$]"	1.1681611608619884	1.8188778309269018	1.808724655625973	2.4165213242752137	2.018665604324597	105.23970052739143	19.078441850567685	17.910280689705697	1533.2028909854926
