Model	Potential	pH
cb	0.5171511936691618	0.4828488063308382
rf	0.579290430035385	0.42070956996461495
xgb	0.5501053929328918	0.44989460706710815
lgbm	0.5862	0.4138
