Model	Potential	pH
rf	0.5847029425653201	0.41529705743467993
cb	0.4537689432490961	0.5462310567509039
xgb	0.5197417140007019	0.4802582263946533
lgbm	0.489	0.511
