Model	Potential	pH
rf	0.5847410122723792	0.41525898772762093
cb	0.4537689432490961	0.5462310567509039
xgb	0.5197417140007019	0.4802582263946533
lgbm	0.489	0.511
