Model	Potential	pH
rf	0.5793375681834471	0.42066243181655294
cb	0.4432681677753206	0.5567318322246796
xgb	0.5080423951148987	0.4919576346874237
lgbm	0.543	0.457
