Model	Potential	pH
cb	0.5132005128118082	0.4867994871881918
rf	0.7923447530849275	0.20765524691507245
xgb	0.7693045139312744	0.2306954562664032
lgbm	0.5793333333333334	0.4206666666666667
