Model	Potential	pH
rf	0.6041006471365173	0.39589935286348266
cb	0.470961644736609	0.5290383552633909
xgb	0.5649449229240417	0.43505507707595825
lgbm	0.4826666666666667	0.5173333333333333
