pH	rf	cb	xgb	lgb	ann
4.2	8.342767540012739	0.024575888958457113	0.8033700769883143	1.5273212219330632	47.166767127351335
6.4	2.63785918933381	0.02269130938227844	2.4596957759926994	2.754512151689249	64.83600482854052
4.4	10.35906346312867	0.015001957595814245	11.901241337121215	10.975509452341102	61.930980386314936
3.6	0.8056062357944199	0.016951895067847094	0.6673586500187819	1.5939443704441385	30.998351813740328
