pH	rf	cb	xgb	lgb	ann
3.6	0.80565582698632	0.02462246852633176	0.941787282774935	2.843618194228363	30.998351813740328
4.2	8.34257483337112	0.07593869918472894	8.269712877541886	7.660109575555786	47.166767127351335
4.4	10.35925237710338	0.09815872981608303	11.929942555986887	9.69883987873515	61.930980386314936
6.4	2.63819471019357	0.02532938843786156	2.2744067985361003	2.659704744276983	64.83600482854052
