	Exp. data	RF	CB	XGB	LGB	ANN	Mean error ML	Mean error ML - Exp. data	MAPE
OCP [V]	-0.68	-0.664	-0.665	-0.633	-0.664	-0.662	-0.661	0.0187	2.75
Tafel slope $[$mv/dec$]$	-367	-436	-435	-445	-435	-526	-441	-74.1	20.2
R\textsuperscript{2} value slope	0.997	0.999	1	0.993	1	0.995	0.997	0.000476	0.0478
Std. error slope (10$^3$)	0.337	0.177	0.123	0.544	0.122	0.578	0.314	-0.0232	6.9
Lower limit 99\% confidence interval	-368	-437	-435	-447	-436	-527	-442	-74	20.1
Upper limit 99\% confidence interval	-366	-436	-435	-444	-435	-524	-440	-74.1	20.3
Std. error intercept (10$^3$)	1.27	0.681	0.473	2.37	0.467	2.38	1.27	0.00607	0.479
E\textsubscript{corr} [V]	-0.68	-0.664	-0.665	-0.633	-0.664	-0.662	-0.661	0.0187	2.75
i\textsubscript{corr} \text{[$\mu$A cm\textsuperscript{-2}]}	35.9	36.9	37.1	10.6	36.9	24.5	30.3	-5.59	15.6
