	Exp. data	CB	RF	XGB	LGB	ANN	Mean error ML	Mean error ML - Exp. data	MAPE
OCP [V]	-0.809	-0.786	-0.785	-0.785	-0.787	-0.809	-0.794	0.0157	1.94
Tafel slope $[$mv/dec$]$	-377	-385	-378	-383	-383	-377	-381	-3.3	0.875
R\textsuperscript{2} value slope	0.996	0.996	0.989	0.996	0.996	0.996	0.995	-0.000867	0.0871
Std. error slope (10$^3$)	0.596	0.5	0.843	0.496	0.527	0.596	0.593	-0.00319	0.535
Lower limit 99\% confidence interval	-379	-386	-381	-384	-385	-379	-382	-3.29	0.869
Upper limit 99\% confidence interval	-376	-383	-376	-381	-382	-376	-379	-3.31	0.881
Std. error intercept (10$^3$)	3.27	2.74	4.62	2.71	2.89	3.27	3.25	-0.0211	0.645
E\textsubscript{corr} [V]	-0.809	-0.786	-0.785	-0.785	-0.787	-0.809	-0.794	0.0157	1.94
i\textsubscript{corr} \text{[$\mu$A cm\textsuperscript{-2}]}	0.99	0.965	0.946	0.955	0.963	0.99	0.968	-0.022	2.22
