Model	Potential	pH
rf	0.7197107483250547	0.28028925167494545
cb	0.6138697100482228	0.3861302899517771
xgb	0.6690061688423157	0.3309938311576843
lgbm	0.4807548669050457	0.5192451330949543
