Model	Potential	pH
rf	0.6480400077677878	0.3519599922322122
cb	0.6138697100482228	0.3861302899517771
xgb	0.6690061688423157	0.3309938311576843
lgbm	0.4807548669050457	0.5192451330949543
