Model	Potential	pH
rf	0.7513048270737559	0.2486951729262441
cb	0.6119617149709755	0.3880382850290245
xgb	0.6203946471214294	0.37960532307624817
lgbm	0.498	0.502
