pH	rf	cb	xgb	lgb	ann
3.6	4.2355100862945205	0.04741022797993546	5.019051430150075	4.015089470944694	49.50962608096524
4.2	13.63385257737961	0.13314248975842888	13.60943521620523	12.354613287465208	57.337191791955554
4.4	9.99670595299809	0.12360965824889326	11.82263627415971	9.579741259293828	60.42403371731086
6.4	2.63162011171268	0.028297996770200815	2.3141089775529835	2.6765426785474324	63.07781860577858
