pH	rf	cb	xgb	lgb	ann
2.2	3.46592171792761	3.4520356748245407	8.463474898429556	3.458887037448863	4.620010147510504
6.6	2.4950489634833604	2.456907468754891	2.4085644538712003	2.428499353081463	3.7155199089637727
7.4	18.027524186146827	11.539270705715753	11.962630915232753	24.606169684102223	20.62752199018665
11.6	6.70274281806139	8.17888642765802	6.708357038974974	8.182094511016412	3.4758754004588663
