pH	rf	cb	xgb	lgb	ann
2.2	3.46006519959974	3.4520356748245407	8.463474898429556	3.458887037448863	35.86699579588159
6.6	2.57852404150883	2.456907468754891	2.4085644538712003	2.428499353081463	36.908224150352645
7.4	13.513180140349021	11.539270705715753	11.962630915232753	24.606169684102223	33.04641012144771
11.6	6.704983871379901	8.17888642765802	6.708357038974974	8.182094511016412	46.096704212993416
