pH	rf	cb	xgb	lgb	ann
2.2	3.50598465858729	0.03677170211654566	7.494199757598459	3.645421274496808	312.78232664403333
6.6	2.42930934384693	0.0295977187087078	2.506061471973237	3.057542174886699	445.66870873943526
7.4	12.5876686652986	0.1047976347071725	10.114221048339003	17.140617867832173	475.6650022050991
11.6	7.46945379955954	0.08054031102283139	7.440828629147769	6.683564275610922	196.58783500180195
