pH	rf	cb	xgb	lgb	ann
2.2	3.4619884817871602	3.4520356748245407	8.463474898429556	3.458887037448863	5.539621126447001
6.6	2.48333938703577	2.456907468754891	2.4085644538712003	2.428499353081463	5.55035732920853
7.4	11.56763440999239	11.539270705715753	11.962630915232753	24.606169684102223	14.212115275777231
11.6	6.719463561586959	8.17888642765802	6.708357038974974	8.182094511016412	3.1629703051858353
