pH	rf	cb	xgb	lgb	ann
2.2	3.4858852192980803	3.4520356748245407	8.463474898429556	3.458887037448863	5.287157043716779
6.6	2.47537295661648	2.456907468754891	2.4085644538712003	2.428499353081463	7.0973363692336715
7.4	16.18308159871887	11.539270705715753	11.962630915232753	24.606169684102223	17.590533716339984
11.6	6.69613277023912	8.17888642765802	6.708357038974974	8.182094511016412	4.019131787130503
