pH	rf	cb	xgb	lgb	ann
2.2	0.2480368308154765	0.24299013944263376	0.43835499106289944	0.24140448981983786	0.2819837940629812
6.6	0.2584534938040996	0.257261009345209	0.25652553872756145	0.2567542642640774	0.39123663292584615
7.4	0.712915058148374	0.7104825583564421	0.7122307572996005	1.0318481476223862	0.7216881693094344
11.6	0.3708949440329331	0.46473145930997495	0.37007126343429775	0.463832461869266	0.18699974996588567
