pH	rf	cb	xgb	lgb	ann
2.2	0.2473290930485704	0.24299013944263376	0.43835499106289944	0.24140448981983786	1.6823261483621683
6.6	0.2614261223028375	0.257261009345209	0.25652553872756145	0.2567542642640774	2.1757511017679882
7.4	0.7294672444091038	0.7104825583564421	0.7122307572996005	1.0318481476223862	2.0083584580612466
11.6	0.3706146134626674	0.46473145930997495	0.37007126343429775	0.463832461869266	1.9944437687879994
