pH	rf	cb	xgb	lgb	ann
2.2	0.2500867205391316	0.24299013944263376	0.43835499106289944	0.24140448981983786	0.2612593865927927
6.6	0.2595273343353425	0.257261009345209	0.25652553872756145	0.2567542642640774	0.46895025294835146
7.4	0.7988002959830705	0.7104825583564421	0.7122307572996005	1.0318481476223862	0.8223572408460964
11.6	0.3704955605358406	0.46473145930997495	0.37007126343429775	0.463832461869266	0.2172384417675197
