pH	rf	cb	xgb	lgb	ann
2.2	0.2478660940738721	0.24299013944263376	0.43835499106289944	0.24140448981983786	0.2191092183410782
6.6	0.2574165364373908	0.257261009345209	0.25652553872756145	0.2567542642640774	0.3398938193939526
7.4	0.8549400452450983	0.7104825583564421	0.7122307572996005	1.0318481476223862	0.9587815110526776
11.6	0.3704045856693442	0.46473145930997495	0.37007126343429775	0.463832461869266	0.21753224125358495
