Model	Time
lgbm	0.007675182979267548
cb	0.017715221241909707
xgb	0.08215264365349874
rf	0.5815656771883368
