Model	Time
rf	2.9078283859416842
lgbm	32.19739259802736
cb	92.56203098897822
xgb	177.77832086617127
ANN	13519.11126511707
