pH	(MAPE of log)	mape	rmse
4.2	0.13980726019265607	1.379771786251309	0.8245789362468346
6.4	0.0261962831713322	1.0621755081979793	0.26343421680022533
4.4	0.10303621939460252	1.267757590198519	0.5815198940210318
3.6	0.04326060364631099	1.10474133442051	0.4027670243852036
