pH	(MAPE of log)	mape	rmse
4.2	0.1398065812193014	1.3797696291261667	0.8245961165885841
6.4	0.026198940014088762	1.0621820061896758	0.26337887948563304
4.4	0.1030317721623721	1.2677446082616455	0.5815050424932198
3.6	0.04325074720899868	1.1047162622848938	0.40248702053780133
