pH	(MAPE of log)	mape	rmse
4.2	0.13985294368334336	1.3799169322513258	0.8248250446145904
6.4	0.02619518733032184	1.062172828048767	0.2631487206885755
4.4	0.10302692080505499	1.2677304467929034	0.5815701924782389
3.6	0.04327642842481731	1.1047815896071753	0.4023946462618073
