pH	(MAPE of log)	mape	rmse
4.2	0.13980185497750844	1.3797546137629182	0.8245602715668244
6.4	0.026198824488533366	1.0621817236414166	0.26335729763423177
4.4	0.10303966076899543	1.267767636022205	0.5815423430967166
3.6	0.04325374249016274	1.1047238814174425	0.4025433666499001
