pH	(MAPE of log)	mape	rmse
4.2	0.13578246862218463	1.367043922959094	0.8124014868169238
6.4	0.026235489261750743	1.0622714008019816	0.26251551718453436
4.4	0.10369907907531556	1.26969403438243	0.5849714881440157
3.6	0.04315731560737239	1.104478625583896	0.4032244955239188
