pH	(MAPE of log)	mape	rmse
4.2	0.13981238532299567	1.3797880691014577	0.8248263334626021
6.4	0.026199156807604658	1.062182536415683	0.26398334429402937
4.4	0.10308509117343027	1.2679002607995855	0.5818369316386038
3.6	0.04321459394178604	1.1046243029311602	0.40160059383577384
