pH	(MAPE of log)	mape	rmse
4.2	0.13766217601759068	1.3729735666837057	0.8154126567711539
6.4	0.026725858208986947	1.0634715060808104	0.2651910579820666
4.4	0.1000202407565188	1.2589840867200646	0.5668878024433923
3.6	0.0429429457220234	1.1039335840483746	0.399885467558281
