pH	(MAPE of log)	mape	rmse
2.2	0.034748768906286226	1.0833000642549935	0.24851611652206348
6.6	0.024621517950862874	1.0583310013237992	0.2576122554018942
7.4	0.16095505653438577	1.4486219334751456	0.7868172175304498
11.6	0.06688837698364837	1.1665097604470194	0.3703932003966242
