pH	(MAPE of log)	mape	rmse
4.2	0.13554501003110092	1.3662966705564457	0.8095076387736623
6.4	0.026005685355664825	1.0617094559623783	0.26198992513962266
4.4	0.09506382717510198	1.244697528416049	0.5450122232958566
3.6	0.043036417384059174	1.1041712053311863	0.4012261986189552
