pH	(MAPE of log)	mape	rmse
4.2	0.1362858362169127	1.3686293093249333	0.8107540116285349
6.4	0.026259454332705875	1.062330020270932	0.2630446081480321
4.4	0.09753703184677671	1.2518060087004992	0.5557644953926127
3.6	0.04253243116011136	1.1028905896871817	0.4001783373087975
