n_estimators	max_features	potential (E)	pH
1	0.3	0.8061258425409298	0.19387415745907016
1	1.0	0.6460087193377155	0.3539912806622845
5	0.3	0.7129191463863263	0.28708085361367386
5	1.0	0.6487622530824296	0.3512377469175703
10	0.3	0.6840729818775136	0.3159270181224864
10	1.0	0.6479086698272509	0.3520913301727491
100	0.3	0.7316874846355973	0.26831251536440276
100	1.0	0.6477181097129223	0.3522818902870777
200	0.3	0.724523384919407	0.27547661508059285
200	1.0	0.6479145231698181	0.3520854768301819
