pH	(MAPE of log)	mape	rmse
4.2	0.1397920501028396	1.3797234640041367	0.8245410644682506
6.4	0.026198068760993086	1.0621798753119618	0.2632539924171773
4.4	0.10304582634743215	1.2677856343542357	0.5815680453825891
3.6	0.04325602064890317	1.1047296764322816	0.4027120410142955
