pH	(MAPE of log)	mape	rmse
4.2	0.1352933147559553	1.3655050630201062	0.8071598090569548
6.4	0.026061436848129903	1.0618457590670003	0.2624315844143574
4.4	0.0942050506355939	1.2422386878471947	0.5423777089138366
3.6	0.042293627892368686	1.1022843156242965	0.39867563432963926
