pH	(MAPE of log)	mape	rmse
4.2	0.13550156581601672	1.3661600012684318	0.8073348480568172
6.4	0.026440790394354242	1.0627736799834744	0.26327955343750664
4.4	0.09863552286450679	1.2549762957885562	0.5621988415029594
3.6	0.042215947280191915	1.1020871718275307	0.39908997959339104
