pH	(MAPE of log)	mape	rmse
2.2	0.034678889360407146	1.0831257713966247	0.24804684688792014
6.6	0.024821188673047504	1.058817690216222	0.25721728546644546
7.4	0.17561345353002195	1.4983506256561008	0.834513802452659
11.6	0.06668711220398688	1.1659692909113744	0.3704510311391957
