pH	(MAPE of log)	mape	rmse
2.2	0.035059846585872974	1.084076291454271	0.24909447732088288
6.6	0.024293093438469332	1.057530967094596	0.2574951682545755
7.4	0.12587668665298604	1.3362160581918716	0.7861979166080291
11.6	0.07469453799559542	1.1876665856216573	0.37095529535480887
