pH	(MAPE of log)	mape	rmse
2.2	0.034659217179276135	1.0830767102994259	0.2478660940738721
6.6	0.02495048963483368	1.059132975198466	0.2574165364373908
7.4	0.1802752418614683	1.5145207988636367	0.8549400452450983
11.6	0.06702742818061395	1.1668833100892524	0.37040458566934426
