pH	(MAPE of log)	mape	rmse
2.2	0.03461988481787161	1.0829786246976625	0.24803683081547653
6.6	0.024833393870357705	1.058847447123014	0.25845349380409965
7.4	0.11567634409992393	1.305197833108114	0.712915058148374
11.6	0.06719463561586961	1.1673326575674348	0.3708949440329331
