pH	(MAPE of log)	mape	rmse
2.2	0.03460065199599741	1.0829306658249283	0.2473290930485704
6.6	0.025785240415088326	1.0611706761781154	0.2614261223028375
7.4	0.13513180140349026	1.3649973285122274	0.7294672444091038
11.6	0.067049838713799	1.1669435253417038	0.37061461346266744
