(MAPE of log)	MAPE	rmse
0.026381398880270975	1.0626283513530863	0.26337808780984373
