pH	(MAPE of log)	mape	rmse
4.2	0.08342477810056322	1.2117827839729856	0.5429479807528899
6.4	0.026381670250234482	1.0626290153392044	0.2634190289728283
4.4	0.10359354145086644	1.2693855243336478	0.582119516409
3.6	0.008058372912535233	1.0187283046959437	0.13104179711342964
