	(MAPE of log)	MAPE	rmse
0	0.026378146339792206	1.0626203930922096	0.2629756538641556
