	(MAPE of log)	MAPE
0	0.026369133728611566	1.0625983414994238
