	(MAPE of log)	MAPE
0	0.02638794401928794	1.0626443660688656
